key,posture_ko,posture_en,region,joint_mechanics,functional_line,tight_primary,tight_secondary,tight_description,weak_primary,weak_secondary,weak_description,causes,symptoms,compensation_patterns,stretch_focus,strengthen_focus,mobility_focus,observation,tests,palpation,clinical_significance,ai_metrics
Anterior Pelvic Tilt,골반 전방경사,Anterior Pelvic Tilt,골반 (Pelvis),"요추 전만 증가, 고관절 굴곡, 슬관절 과신전 경향","SFL 과활성, DFL 불균형","장요근 (Iliopsoas), 대퇴직근 (Rectus Femoris), 요추기립근 (Erector Spinae)","TFL (Tensor Fasciae Latae), 내전근 (Adductors), 요방형근 (Quadratus Lumborum)",고관절 굴곡/요추 신전계 단축,"복직근 (Rectus Abdominis), 복횡근 (Transversus Abdominis), 대둔근 (Gluteus Maximus)","햄스트링 (Hamstrings), 다열근 (Multifidus)",코어/둔근 약화로 전방경사 조절 실패,"장시간 좌식, 힙 플렉서 과활성, 복부 약화, 산후 이완","요통, 허리 피로, 복부/엉덩이 돌출","흉추 과후만, 라운드숄더, 전방머리","장요근, 대퇴직근, 요추기립근","복횡근, 대둔근, 햄스트링","고관절 신전, 요추 안정화","ASIS 하방/PSIS 상방, 요추 전만 증가","Thomas(+), Ely(+), Active SLR 제한","장요근 긴장, 요추기립근 단축","Lower Crossed Syndrome 핵심, 요추 부담 증가","{""PTA_threshold"": ""> +10°"", ""CVA_correlation"": ""<55°(동반 시)""}"
Posterior Pelvic Tilt,골반 후방경사,Posterior Pelvic Tilt,골반 (Pelvis),"요추 전만 감소/평배, 고관절 상대적 신전","SBL 과활성, DFL 억제","햄스트링 (Hamstrings), 복직근 (Rectus Abdominis)","대둔근 (Gluteus Maximus), 복사근 (Obliques)",후방 사슬 과활성/햄스트링 의존,"장요근 (Iliopsoas), 요추기립근 (Erector Spinae), 대퇴직근 (Rectus Femoris)","둔근군 (Gluteals), 다열근 (Multifidus)","고관절 신전전략 과다, 요추 신전 약화","구부정 좌식, 복부 과활성, 둔근 약화","요추 경직감, 둔부 무력감","평배/흉추 과후만, 전방머리","햄스트링, 복직근","장요근, 요추기립근, 둔근","요추 신전, 고관절 굴곡 가동성","ASIS 상방/PSIS 하방, 전만 감소","SLR 타이트, Prone press-up 제한",햄스트링 긴장,"Flat-back 연관, 분절운동성 저하","{""PTA_threshold"": ""< -5°""}"
Forward Head Posture,전방머리자세,Forward Head Posture,경추 (Cervical),"상부경추 신전/하부경추 굴곡, 흉추 후만 증가","DFL 불균형, SFL 과활성","흉쇄유돌근 (SCM), 상부승모 (Upper Trapezius), 견갑거근 (Levator Scapulae)","소흉근 (Pectoralis Minor), 사각근 (Scalenes)",경추 신전군 과활성/전인,심부경부굴근 (Deep Neck Flexors),"하부승모 (Lower Trapezius), 전거근 (Serratus Anterior)",심부굴근 억제,"스마트폰/PC 고개 숙임, 시선 낮은 작업","목/두통, 어깨 결림, 상부승모 긴장","라운드숄더, 구강호흡","소흉근, SCM, 상부승모","심부경부굴근, 하부승모, 전거근","경추/흉추 신전, 흉곽 확장","CVA 감소, 턱전돌",Craniocervical Flexion Test 저하,후두하근 압통,TMD/편두통/TOS 연관,"{""CVA"": ""< 55°"", ""HPD"": ""> 2 cm""}"
Rounded Shoulders,라운드숄더,Rounded Shoulders,견갑/어깨 (Scapula/Shoulder),"견갑 전인, 상방회전 증가, 흉추 후만 동반",Anterior Functional Line 과활성,"대흉근 (Pectoralis Major), 소흉근 (Pectoralis Minor), 상부승모 (Upper Trapezius)",전면삼각근 (Anterior Deltoid),흉근 단축/견갑 상방회전 우세,"하부승모 (Lower Trapezius), 능형근 (Rhomboids), 전거근 (Serratus Anterior)",중부승모 (Middle Trapezius),견갑 후인/하강 약화,"컴퓨터 작업, 푸시 동작 과다","어깨 전방 통증, 견갑 불안정","FHP 동반, 흉추 후만","소흉근, 대흉근","하부승모, 능형근, 전거근","흉추 신전, 견갑 후인/하강",충돌증후군/회전근개 간섭,"Scapular assistance test(+), Pec minor tightness",소흉근 압통,충돌/불안정 위험 증가,"{""SAA"": ""> 10°""}"
Thoracic Hyperkyphosis,흉추 과후만,Thoracic Hyperkyphosis,흉추 (Thoracic),"흉추 굴곡 증가, 견갑 전인, 경추 보상 신전",SFL 과활성/흉곽 경직,"복직근 (Rectus Abdominis), 소흉근 (Pectoralis Minor)",복사근 (Obliques),흉곽 전벽 단축,"흉추기립근 (Thoracic Erectors), 하부승모 (Lower Trapezius)","다열근 (Multifidus), 능형근 (Rhomboids)",흉추 신전 약화,"구부정 작업, 호흡 패턴 저하","등 결림, 호흡 얕음",FHP/라운드숄더,"소흉근, 복직근","흉추기립근, 하부승모","흉추 신전, 흉곽 확장",후만 증가 관찰,Wall-to-occiput distance↑,극돌기 압통,폐활량 저하/압박골절 감별,"{""TIA"": ""> 10°"", ""SAA"": ""> 10°""}"
Lumbar Hyperlordosis,요추 과전만,Lumbar Hyperlordosis,요추 (Lumbar),"요추 전만 과다, 골반 전방경사 동반",SFL 단축,"장요근 (Iliopsoas), 요추기립근 (Erector Spinae)",대퇴직근 (Rectus Femoris),요추 신전 과활성,"복횡근 (Transversus Abdominis), 대둔근 (Gluteus Maximus)","햄스트링 (Hamstrings), 다열근 (Multifidus)",코어/둔근 억제,"하이힐, 코어 약화","요통, 기립 불편",A.P.T 동반,"장요근, 요추기립근","복부 코어, 둔근",요추-골반 리듬,후관절 스트레스/분리증,Passive lumbar extension pain,기립근 긴장,전방전위증 감별,"{""PTA"": ""> +10°"", ""HPA"": ""> 10°""}"
Flat Back,평배,Flat Back,척추 (Spine),"요추 전만 및 흉추 후만 감소, 편평 정렬",SBL 과활성/분절운동성 저하,"햄스트링 (Hamstrings), 복직근 (Rectus Abdominis)",요방형근 (Quadratus Lumborum),후방 사슬 의존,"장요근 (Iliopsoas), 요추기립근 (Erector Spinae), 둔근 (Gluteals)",다열근 (Multifidus),요추 신전 약화,"복부 과브레이싱, 좌식","허리 뻣뻣, 기립 피로",FHP 보상,"햄스트링, 복직근","요추기립근, 둔근, 장요근","요추 신전, 고관절 굴/신전",디스크성 통증 감별,Prone press-up 제한,요부 근막 긴장,분절움직임 제한,"{""PTA"": ""< -5°"", ""HPA"": ""< 5°""}"
Sway Back,스웨이 백,Sway Back,전신,골반 전방이동+상체 후방,Back Functional Line 과활성,"햄스트링 (Hamstrings), 복직근 (Rectus Abdominis)",TFL (Tensor Fasciae Latae),단축/과활성 패턴,"둔근 (Gluteals), 복횡근 (Transversus Abdominis)",흉추기립근 (Thoracic Erectors),약화/억제 패턴,"습관 자세, 근력 불균형","피로감, 불편감",보상 전략 발생,"햄스트링 (Hamstrings), 복직근 (Rectus Abdominis)","둔근 (Gluteals), 복횡근 (Transversus Abdominis)",관절 가동성,시진 이상,기능검사 편차,관련 근육 압통,기능적 부하 증가,"{""GSB"": ""> 2 cm""}"
Pelvic Obliquity,골반 기울기,Pelvic Obliquity,골반 (Pelvis),좌우 ASIS 높이 차,Lateral Line 불균형,"TFL (Tensor Fasciae Latae), 요방형근 (Quadratus Lumborum)",척추기립근 (Erectors),단축/과활성 패턴,"중둔근 (Gluteus Medius), 둔근 (Gluteals)",복횡근 (Transversus Abdominis),약화/억제 패턴,"습관 자세, 근력 불균형","피로감, 불편감",보상 전략 발생,"TFL (Tensor Fasciae Latae), 요방형근 (Quadratus Lumborum)","중둔근 (Gluteus Medius), 둔근 (Gluteals)",관절 가동성,시진 이상,기능검사 편차,관련 근육 압통,기능적 부하 증가,"{""POA"": ""> 3°""}"
Pelvic Rotation,골반 회전,Pelvic Rotation,골반 (Pelvis),수평면 회전 편향,Spiral Line 불균형,"외복사근 (External Oblique), 내복사근 (Internal Oblique)",TFL,단축/과활성 패턴,"다열근 (Multifidus), 횡격막 (Diaphragm)",복횡근,약화/억제 패턴,"습관 자세, 근력 불균형","피로감, 불편감",보상 전략 발생,"외복사근 (External Oblique), 내복사근 (Internal Oblique)","다열근 (Multifidus), 횡격막 (Diaphragm)",관절 가동성,시진 이상,기능검사 편차,관련 근육 압통,기능적 부하 증가,"{""PRA"": ""> 5°""}"
Genu Valgum,X자 다리,Genu Valgum,무릎 (Knee),"무릎 내측 수렴, Q-angle 증가",Spiral/Lateral 불균형,"내전근 (Adductors), 내측광근 (VM)",비복근 (Gastrocnemius),단축/과활성 패턴,"중둔근 (Gluteus Medius), 외회전근 (External Rotators)",외측광근 (VL),약화/억제 패턴,"습관 자세, 근력 불균형","피로감, 불편감",보상 전략 발생,"내전근 (Adductors), 내측광근 (VM)","중둔근 (Gluteus Medius), 외회전근 (External Rotators)",관절 가동성,시진 이상,기능검사 편차,관련 근육 압통,기능적 부하 증가,"{""KA"": ""< 175°"", ""QAngle"": ""> 20°""}"
Genu Varum,O자 다리,Genu Varum,무릎 (Knee),"무릎 외측 벌어짐, Q-angle 감소",Lateral Line 우세,"외측광근 (VL), 비복근 (Gastrocnemius)",대퇴이두 (Biceps Femoris),단축/과활성 패턴,"내전근 (Adductors), 내측광근 (VMO)",중둔근,약화/억제 패턴,"습관 자세, 근력 불균형","피로감, 불편감",보상 전략 발생,"외측광근 (VL), 비복근 (Gastrocnemius)","내전근 (Adductors), 내측광근 (VMO)",관절 가동성,시진 이상,기능검사 편차,관련 근육 압통,기능적 부하 증가,"{""KA"": ""> 185°"", ""QAngle"": ""< 10°""}"
Genu Recurvatum,무릎 과신전,Genu Recurvatum,무릎 (Knee),슬관절 과신전 정렬,SBL 우세,"비복근, 슬와근 (Popliteus)",대퇴사두 (Quadriceps),단축/과활성 패턴,"햄스트링, 둔근",전경골근 (Tibialis Anterior),약화/억제 패턴,"습관 자세, 근력 불균형","피로감, 불편감",보상 전략 발생,"비복근, 슬와근 (Popliteus)","햄스트링, 둔근",관절 가동성,시진 이상,기능검사 편차,관련 근육 압통,기능적 부하 증가,"{""KneeExt"": ""> 5°""}"
Knee Flexion Contracture,무릎 굴곡 구축,Knee Flexion Contracture,무릎 (Knee),슬관절 굴곡 부족,SBL 과활성,"햄스트링, 비복근",대퇴사두,단축/과활성 패턴,"대퇴사두, 둔근",전경골근,약화/억제 패턴,"습관 자세, 근력 불균형","피로감, 불편감",보상 전략 발생,"햄스트링, 비복근","대퇴사두, 둔근",관절 가동성,시진 이상,기능검사 편차,관련 근육 압통,기능적 부하 증가,"{""KneeFlexionROM"": ""< 120°""}"
Increased Q-Angle,Q각 증가,Increased Q-Angle,무릎 (Knee),슬개 외측 압박 경향,Spiral Line 불균형,"TFL, 외측광근 (VL)",비복근,단축/과활성 패턴,"내측광근 (VMO), 중둔근",외회전근,약화/억제 패턴,"습관 자세, 근력 불균형","피로감, 불편감",보상 전략 발생,"TFL, 외측광근 (VL)","내측광근 (VMO), 중둔근",관절 가동성,시진 이상,기능검사 편차,관련 근육 압통,기능적 부하 증가,"{""QAngle"": ""> 20°""}"
Decreased Q-Angle,Q각 감소,Decreased Q-Angle,무릎 (Knee),슬개 정렬 내측화 경향,Lateral Line 우세,"내전근, 내측광근",비복근,단축/과활성 패턴,"외측광근, 중둔근",외회전근,약화/억제 패턴,"습관 자세, 근력 불균형","피로감, 불편감",보상 전략 발생,"내전근, 내측광근","외측광근, 중둔근",관절 가동성,시진 이상,기능검사 편차,관련 근육 압통,기능적 부하 증가,"{""QAngle"": ""< 10°""}"
Excessive Tibial Inclination,과도한 경골 경사,Excessive Tibial Inclination,하퇴 (Lower Leg),경골 전방경사 증가,SBL/SFL 불균형,"비복근, 가자미근 (Soleus)",비골근 (Peroneals),단축/과활성 패턴,"전경골근, 햄스트링",둔근,약화/억제 패턴,"습관 자세, 근력 불균형","피로감, 불편감",보상 전략 발생,"비복근, 가자미근 (Soleus)","전경골근, 햄스트링",관절 가동성,시진 이상,기능검사 편차,관련 근육 압통,기능적 부하 증가,"{""Tibial"": ""> 10°""}"
Internal Tibial Torsion,경골 내회전 변형,Internal Tibial Torsion,하퇴 (Lower Leg),경골 내회전 편향,Spiral Line 과활성,"경골근막, 내측 햄스트링",비복근,단축/과활성 패턴,"외회전근, 중둔근",전경골근,약화/억제 패턴,"습관 자세, 근력 불균형","피로감, 불편감",보상 전략 발생,"경골근막, 내측 햄스트링","외회전근, 중둔근",관절 가동성,시진 이상,기능검사 편차,관련 근육 압통,기능적 부하 증가,"{""TibialRotation"": ""> 10° IR""}"
External Tibial Torsion,경골 외회전 변형,External Tibial Torsion,하퇴 (Lower Leg),경골 외회전 편향,Spiral Line 과활성,"비복근, 외측 햄스트링",전경골근,단축/과활성 패턴,"중둔근, VMO",내전근,약화/억제 패턴,"습관 자세, 근력 불균형","피로감, 불편감",보상 전략 발생,"비복근, 외측 햄스트링","중둔근, VMO",관절 가동성,시진 이상,기능검사 편차,관련 근육 압통,기능적 부하 증가,"{""TibialRotation"": ""> 10° ER""}"
Trendelenburg Sign,트렌델렌버그 징후,Trendelenburg Sign,고관절 (Hip),단하지 지지 시 골반 하강,Lateral Line 약화,"TFL, QF(Quadratus Femoris)",내전근,단축/과활성 패턴,중둔근 (Gluteus Medius),대둔근,약화/억제 패턴,"습관 자세, 근력 불균형","피로감, 불편감",보상 전략 발생,"TFL, QF(Quadratus Femoris)",중둔근 (Gluteus Medius),관절 가동성,시진 이상,기능검사 편차,관련 근육 압통,기능적 부하 증가,"{""HipAbdWeak"": ""+ (MRC ≤ 4)""}"
Femoral Anteversion,대퇴 전염,Femoral Anteversion,고관절 (Hip),대퇴 경부 전염 증가,Spiral Line 불균형,"TFL, 내전근",외회전근,단축/과활성 패턴,"외회전근, 중둔근",둔근,약화/억제 패턴,"습관 자세, 근력 불균형","피로감, 불편감",보상 전략 발생,"TFL, 내전근","외회전근, 중둔근",관절 가동성,시진 이상,기능검사 편차,관련 근육 압통,기능적 부하 증가,"{""FAngle"": ""> 20°""}"
Femoral Retroversion,대퇴 후염,Femoral Retroversion,고관절 (Hip),대퇴 경부 후염 증가,Spiral Line 불균형,"외회전근, 중둔근",TFL,단축/과활성 패턴,"TFL, 내전근",둔근,약화/억제 패턴,"습관 자세, 근력 불균형","피로감, 불편감",보상 전략 발생,"외회전근, 중둔근","TFL, 내전근",관절 가동성,시진 이상,기능검사 편차,관련 근육 압통,기능적 부하 증가,"{""FAngle"": ""< 10°""}"
Pes Planus,평발,Pes Planus,발 (Foot),내측 종아치 저하/과내전,SFL/Lat Line 불균형,"비골근, 후경골건 과부하",비복근,단축/과활성 패턴,"후경골근 (Tibialis Posterior), 전경골근",중둔근,약화/억제 패턴,"습관 자세, 근력 불균형","피로감, 불편감",보상 전략 발생,"비골근, 후경골건 과부하","후경골근 (Tibialis Posterior), 전경골근",관절 가동성,시진 이상,기능검사 편차,관련 근육 압통,기능적 부하 증가,"{""FBA"": ""Excess Pronation""}"
Pes Cavus,요족,Pes Cavus,발 (Foot),과외번/아치 과상승,Lateral Line 우세,"비복근, 전경골근",비골근,단축/과활성 패턴,"비골근, 후경골근",중둔근,약화/억제 패턴,"습관 자세, 근력 불균형","피로감, 불편감",보상 전략 발생,"비복근, 전경골근","비골근, 후경골근",관절 가동성,시진 이상,기능검사 편차,관련 근육 압통,기능적 부하 증가,"{""FBA"": ""Excess Supination""}"
Hallux Valgus,무지외반증,Hallux Valgus,발 (Foot),제1중족지 관절 외반 변형,전족부 불균형,종자골 주변 근막,비골근,단축/과활성 패턴,발 intrinsic (발바닥 내재근),후경골근,약화/억제 패턴,"습관 자세, 근력 불균형","피로감, 불편감",보상 전략 발생,종자골 주변 근막,발 intrinsic (발바닥 내재근),관절 가동성,시진 이상,기능검사 편차,관련 근육 압통,기능적 부하 증가,"{""HalluxValgus"": ""> 15°""}"
Toe-Out Gait,토우 아웃 보행,Toe-Out Gait,발/하지,발끝 바깥 방향,Spiral Line 편향,"외회전근, 비골근",비복근,단축/과활성 패턴,"전경골근, 중둔근",후경골근,약화/억제 패턴,"습관 자세, 근력 불균형","피로감, 불편감",보상 전략 발생,"외회전근, 비골근","전경골근, 중둔근",관절 가동성,시진 이상,기능검사 편차,관련 근육 압통,기능적 부하 증가,"{""FootProgression"": ""> +10°""}"
Toe-In Gait,토우 인 보행,Toe-In Gait,발/하지,발끝 안쪽 방향,Spiral Line 편향,"내전근, TFL",외회전근,단축/과활성 패턴,"외회전근, 중둔근",후경골근,약화/억제 패턴,"습관 자세, 근력 불균형","피로감, 불편감",보상 전략 발생,"내전근, TFL","외회전근, 중둔근",관절 가동성,시진 이상,기능검사 편차,관련 근육 압통,기능적 부하 증가,"{""FootProgression"": ""< -5°""}"
Head Tilt Left,머리 좌측 기울기,Head Tilt Left,경추,측굴 편향,Lateral Line 불균형,흉쇄유돌근/사각근,상부승모,단축/과활성 패턴,심부경부굴근,하부승모,약화/억제 패턴,"습관 자세, 근력 불균형","피로감, 불편감",보상 전략 발생,흉쇄유돌근/사각근,심부경부굴근,관절 가동성,시진 이상,기능검사 편차,관련 근육 압통,기능적 부하 증가,"{""HTA"": ""> 3° Left""}"
Head Tilt Right,머리 우측 기울기,Head Tilt Right,경추,측굴 편향,Lateral Line 불균형,흉쇄유돌근/사각근,상부승모,단축/과활성 패턴,심부경부굴근,하부승모,약화/억제 패턴,"습관 자세, 근력 불균형","피로감, 불편감",보상 전략 발생,흉쇄유돌근/사각근,심부경부굴근,관절 가동성,시진 이상,기능검사 편차,관련 근육 압통,기능적 부하 증가,"{""HTA"": ""> 3° Right""}"
Cervical Rotation Preference,경추 회전 편향,Cervical Rotation Preference,경추,회전 편향,Spiral Line,SCM/상부승모,사각근,단축/과활성 패턴,심부경부굴근,하부승모,약화/억제 패턴,"습관 자세, 근력 불균형","피로감, 불편감",보상 전략 발생,SCM/상부승모,심부경부굴근,관절 가동성,시진 이상,기능검사 편차,관련 근육 압통,기능적 부하 증가,"{""CervRotPref"": ""Present""}"
Elevated Shoulder Left,좌측 어깨 상승,Elevated Shoulder Left,견갑,견갑 상승,SFL/Lat Line,상부승모/견갑거근,소흉근,단축/과활성 패턴,하부승모/능형근,전거근,약화/억제 패턴,"습관 자세, 근력 불균형","피로감, 불편감",보상 전략 발생,상부승모/견갑거근,하부승모/능형근,관절 가동성,시진 이상,기능검사 편차,관련 근육 압통,기능적 부하 증가,"{""STA"": ""> 3° Left""}"
Elevated Shoulder Right,우측 어깨 상승,Elevated Shoulder Right,견갑,견갑 상승,SFL/Lat Line,상부승모/견갑거근,소흉근,단축/과활성 패턴,하부승모/능형근,전거근,약화/억제 패턴,"습관 자세, 근력 불균형","피로감, 불편감",보상 전략 발생,상부승모/견갑거근,하부승모/능형근,관절 가동성,시진 이상,기능검사 편차,관련 근육 압통,기능적 부하 증가,"{""STA"": ""> 3° Right""}"
Scapular Winging,견갑 이개,Scapular Winging,견갑,견갑 내측연 들림,Serratus Dysfunction,전거근 약화 보상으로 승모/능형 과활성,소흉근,단축/과활성 패턴,전거근,하부승모,약화/억제 패턴,"습관 자세, 근력 불균형","피로감, 불편감",보상 전략 발생,전거근 약화 보상으로 승모/능형 과활성,전거근,관절 가동성,시진 이상,기능검사 편차,관련 근육 압통,기능적 부하 증가,"{""SAA"": ""> 10°"", ""WingSign"": ""+""}"
Protracted Scapula,견갑 전인,Protracted Scapula,견갑,견갑 전인,AFL 과활성,소흉근/대흉근,상부승모,단축/과활성 패턴,전거근/하부승모,능형근,약화/억제 패턴,"습관 자세, 근력 불균형","피로감, 불편감",보상 전략 발생,소흉근/대흉근,전거근/하부승모,관절 가동성,시진 이상,기능검사 편차,관련 근육 압통,기능적 부하 증가,"{""SAA"": ""> 10°""}"
Retracted Scapula,견갑 후인 경직,Retracted Scapula,견갑,견갑 후인 고정,Back Line,능형근/중부승모,하부승모,단축/과활성 패턴,소흉근,전거근,약화/억제 패턴,"습관 자세, 근력 불균형","피로감, 불편감",보상 전략 발생,능형근/중부승모,소흉근,관절 가동성,시진 이상,기능검사 편차,관련 근육 압통,기능적 부하 증가,"{""SAA"": ""< 0°""}"
Thoracic Hypokyphosis,흉추 저후만,Thoracic Hypokyphosis,흉추,흉추 편평,SBL 우세,기립근 과활성,소흉근,단축/과활성 패턴,흉추 굴곡근,하부승모,약화/억제 패턴,"습관 자세, 근력 불균형","피로감, 불편감",보상 전략 발생,기립근 과활성,흉추 굴곡근,관절 가동성,시진 이상,기능검사 편차,관련 근육 압통,기능적 부하 증가,"{""TIA"": ""≈0°""}"
Rib Flare,갈비뼈 플레어,Rib Flare,흉곽,전벽 상승,Anterior Rib Tilt,복직근 단축/횡격막 기능저하,요방형근,단축/과활성 패턴,복횡근/횡격막,내/외복사근,약화/억제 패턴,"습관 자세, 근력 불균형","피로감, 불편감",보상 전략 발생,복직근 단축/횡격막 기능저하,복횡근/횡격막,관절 가동성,시진 이상,기능검사 편차,관련 근육 압통,기능적 부하 증가,"{""RibFlare"": ""Present""}"
Anterior Rib Tilt,전방 흉곽 경사,Anterior Rib Tilt,흉곽,흉곽 전경사,SFL 과활성,복직근/소흉근,기립근,단축/과활성 패턴,횡격막/복횡근,하부승모,약화/억제 패턴,"습관 자세, 근력 불균형","피로감, 불편감",보상 전략 발생,복직근/소흉근,횡격막/복횡근,관절 가동성,시진 이상,기능검사 편차,관련 근육 압통,기능적 부하 증가,"{""TIA"": ""> 5°""}"
Posterior Rib Tilt,후방 흉곽 경사,Posterior Rib Tilt,흉곽,흉곽 후경사,SBL 과활성,기립근,복직근,단축/과활성 패턴,복부 코어,하부승모,약화/억제 패턴,"습관 자세, 근력 불균형","피로감, 불편감",보상 전략 발생,기립근,복부 코어,관절 가동성,시진 이상,기능검사 편차,관련 근육 압통,기능적 부하 증가,"{""TIA"": ""< -5°""}"
Lumbar Lateral Shift Left,요추 좌편위,Lumbar Lateral Shift Left,요추,체간 좌편위,Lat Line,요방형근 좌측,기립근,단축/과활성 패턴,복횡근/둔근 우측,중둔근,약화/억제 패턴,"습관 자세, 근력 불균형","피로감, 불편감",보상 전략 발생,요방형근 좌측,복횡근/둔근 우측,관절 가동성,시진 이상,기능검사 편차,관련 근육 압통,기능적 부하 증가,"{""TD"": ""> 3° Left""}"
Lumbar Lateral Shift Right,요추 우편위,Lumbar Lateral Shift Right,요추,체간 우편위,Lat Line,요방형근 우측,기립근,단축/과활성 패턴,복횡근/둔근 좌측,중둔근,약화/억제 패턴,"습관 자세, 근력 불균형","피로감, 불편감",보상 전략 발생,요방형근 우측,복횡근/둔근 좌측,관절 가동성,시진 이상,기능검사 편차,관련 근육 압통,기능적 부하 증가,"{""TD"": ""> 3° Right""}"
Pelvic Drop Left,좌측 골반 하강,Pelvic Drop Left,골반,좌측 골반 하강,Lat Line,TFL 좌측,요방형근 우측,단축/과활성 패턴,중둔근 우측,둔근,약화/억제 패턴,"습관 자세, 근력 불균형","피로감, 불편감",보상 전략 발생,TFL 좌측,중둔근 우측,관절 가동성,시진 이상,기능검사 편차,관련 근육 압통,기능적 부하 증가,"{""POA"": ""> 3° Left""}"
Pelvic Drop Right,우측 골반 하강,Pelvic Drop Right,골반,우측 골반 하강,Lat Line,TFL 우측,요방형근 좌측,단축/과활성 패턴,중둔근 좌측,둔근,약화/억제 패턴,"습관 자세, 근력 불균형","피로감, 불편감",보상 전략 발생,TFL 우측,중둔근 좌측,관절 가동성,시진 이상,기능검사 편차,관련 근육 압통,기능적 부하 증가,"{""POA"": ""> 3° Right""}"
Hip Internal Rotation Bias,고관절 내회전 편향,Hip Internal Rotation Bias,고관절,내회전 과다,Spiral Line,TFL/내전근,비복근,단축/과활성 패턴,외회전근,중둔근,약화/억제 패턴,"습관 자세, 근력 불균형","피로감, 불편감",보상 전략 발생,TFL/내전근,외회전근,관절 가동성,시진 이상,기능검사 편차,관련 근육 압통,기능적 부하 증가,"{""HipIR"": ""> 45°""}"
Hip External Rotation Bias,고관절 외회전 편향,Hip External Rotation Bias,고관절,외회전 과다,Spiral Line,외회전근,중둔근,단축/과활성 패턴,TFL,내전근,약화/억제 패턴,"습관 자세, 근력 불균형","피로감, 불편감",보상 전략 발생,외회전근,TFL,관절 가동성,시진 이상,기능검사 편차,관련 근육 압통,기능적 부하 증가,"{""HipER"": ""> 60°""}"
Hip Flexion Tightness,고관절 굴곡 구축,Hip Flexion Tightness,고관절,굴곡 구축,SFL 과활성,장요근/대퇴직근,TFL,단축/과활성 패턴,둔근,복부 코어,약화/억제 패턴,"습관 자세, 근력 불균형","피로감, 불편감",보상 전략 발생,장요근/대퇴직근,둔근,관절 가동성,시진 이상,기능검사 편차,관련 근육 압통,기능적 부하 증가,"{""HipFlexion"": ""< 110°""}"
Hip Extension Limitation,고관절 신전 제한,Hip Extension Limitation,고관절,신전 제한,DFL 억제,장요근/대퇴직근,TFL,단축/과활성 패턴,대둔근/햄스트링,다열근,약화/억제 패턴,"습관 자세, 근력 불균형","피로감, 불편감",보상 전략 발생,장요근/대퇴직근,대둔근/햄스트링,관절 가동성,시진 이상,기능검사 편차,관련 근육 압통,기능적 부하 증가,"{""HipExtension"": ""< 10°""}"
Ankle Dorsiflexion Limitation,발목 배측굴곡 제한,Ankle Dorsiflexion Limitation,발목,배측굴곡 제한,SBL 과활성,비복근/가자미근,TFL,단축/과활성 패턴,전경골근,중둔근,약화/억제 패턴,"습관 자세, 근력 불균형","피로감, 불편감",보상 전략 발생,비복근/가자미근,전경골근,관절 가동성,시진 이상,기능검사 편차,관련 근육 압통,기능적 부하 증가,"{""AnkleDF"": ""< 10°""}"
Ankle Plantarflexion Limitation,발목 저측굴곡 제한,Ankle Plantarflexion Limitation,발목,저측굴곡 제한,SFL 억제,전경골근,비골근,단축/과활성 패턴,비복/가자미,햄스트링,약화/억제 패턴,"습관 자세, 근력 불균형","피로감, 불편감",보상 전략 발생,전경골근,비복/가자미,관절 가동성,시진 이상,기능검사 편차,관련 근육 압통,기능적 부하 증가,"{""AnklePF"": ""< 40°""}"
Calcaneal Valgus,종골 외반,Calcaneal Valgus,발,종골 외반,Lat Line,비골근,후경골근,단축/과활성 패턴,후경골근,전경골근,약화/억제 패턴,"습관 자세, 근력 불균형","피로감, 불편감",보상 전략 발생,비골근,후경골근,관절 가동성,시진 이상,기능검사 편차,관련 근육 압통,기능적 부하 증가,"{""Rearfoot"": ""Valgus""}"
Calcaneal Varus,종골 내반,Calcaneal Varus,발,종골 내반,Medial Bias,후경골근,비골근,단축/과활성 패턴,비골근,전경골근,약화/억제 패턴,"습관 자세, 근력 불균형","피로감, 불편감",보상 전략 발생,후경골근,비골근,관절 가동성,시진 이상,기능검사 편차,관련 근육 압통,기능적 부하 증가,"{""Rearfoot"": ""Varus""}"
Forefoot Varus,전족 내반,Forefoot Varus,발,전족 내반,Medial Bias,비골근,후경골근,단축/과활성 패턴,후경골근,전경골근,약화/억제 패턴,"습관 자세, 근력 불균형","피로감, 불편감",보상 전략 발생,비골근,후경골근,관절 가동성,시진 이상,기능검사 편차,관련 근육 압통,기능적 부하 증가,"{""Forefoot"": ""Varus""}"
Forefoot Valgus,전족 외반,Forefoot Valgus,발,전족 외반,Lateral Bias,후경골근,비골근,단축/과활성 패턴,비골근,전경골근,약화/억제 패턴,"습관 자세, 근력 불균형","피로감, 불편감",보상 전략 발생,후경골근,비골근,관절 가동성,시진 이상,기능검사 편차,관련 근육 압통,기능적 부하 증가,"{""Forefoot"": ""Valgus""}"
Leg Length Discrepancy Structural,하지 길이차(구조적),Leg Length Discrepancy Structural,하지,골반 기울기/측만 보상,Lat Line,TFL/요방형근 상승측,기립근,단축/과활성 패턴,중둔근 하강측,둔근,약화/억제 패턴,"습관 자세, 근력 불균형","피로감, 불편감",보상 전략 발생,TFL/요방형근 상승측,중둔근 하강측,관절 가동성,시진 이상,기능검사 편차,관련 근육 압통,기능적 부하 증가,"{""LLD"": ""> 1 cm""}"
Leg Length Discrepancy Functional,하지 길이차(기능적),Leg Length Discrepancy Functional,하지,기능적 골반 회전/경사,Lat/Spiral,TFL/요방형근,기립근,단축/과활성 패턴,중둔근,둔근,약화/억제 패턴,"습관 자세, 근력 불균형","피로감, 불편감",보상 전략 발생,TFL/요방형근,중둔근,관절 가동성,시진 이상,기능검사 편차,관련 근육 압통,기능적 부하 증가,"{""LLD"": ""> 1 cm (functional)""}"
Patellofemoral Maltracking Lateral,슬개 대퇴 외측 미정렬,Patellofemoral Maltracking Lateral,무릎,슬개 외측 편위,Lateral Bias,TFL/VL,비복근,단축/과활성 패턴,VMO,중둔근,약화/억제 패턴,"습관 자세, 근력 불균형","피로감, 불편감",보상 전략 발생,TFL/VL,VMO,관절 가동성,시진 이상,기능검사 편차,관련 근육 압통,기능적 부하 증가,"{""Patellar"": ""Lateral""}"
Patellofemoral Maltracking Medial,슬개 대퇴 내측 미정렬,Patellofemoral Maltracking Medial,무릎,슬개 내측 편위,Medial Bias,VMO,중둔근,단축/과활성 패턴,TFL/VL,비골근,약화/억제 패턴,"습관 자세, 근력 불균형","피로감, 불편감",보상 전략 발생,VMO,TFL/VL,관절 가동성,시진 이상,기능검사 편차,관련 근육 압통,기능적 부하 증가,"{""Patellar"": ""Medial""}"
Pronation Syndrome,과내전 증후군,Pronation Syndrome,발,과내전,Lat Line,비골근,비복근,단축/과활성 패턴,후경골근,전경골근,약화/억제 패턴,"습관 자세, 근력 불균형","피로감, 불편감",보상 전략 발생,비골근,후경골근,관절 가동성,시진 이상,기능검사 편차,관련 근육 압통,기능적 부하 증가,"{""FBA"": ""Pronation""}"
Supination Syndrome,과외번 증후군,Supination Syndrome,발,과외번,Lateral Bias,후경골근,전경골근,단축/과활성 패턴,비골근,비복근,약화/억제 패턴,"습관 자세, 근력 불균형","피로감, 불편감",보상 전략 발생,후경골근,비골근,관절 가동성,시진 이상,기능검사 편차,관련 근육 압통,기능적 부하 증가,"{""FBA"": ""Supination""}"
Cervical Hypolordosis,경추 저전만,Cervical Hypolordosis,경추,경추 전만 감소,DFL 억제,SCM/사각근,상부승모,단축/과활성 패턴,심부경부굴근,하부승모,약화/억제 패턴,"습관 자세, 근력 불균형","피로감, 불편감",보상 전략 발생,SCM/사각근,심부경부굴근,관절 가동성,시진 이상,기능검사 편차,관련 근육 압통,기능적 부하 증가,"{""CervLordosis"": ""Low""}"
Cervical Hyperlordosis,경추 과전만,Cervical Hyperlordosis,경추,경추 전만 증가,SFL 과활성,기립근,상부승모,단축/과활성 패턴,심부굴근,하부승모,약화/억제 패턴,"습관 자세, 근력 불균형","피로감, 불편감",보상 전략 발생,기립근,심부굴근,관절 가동성,시진 이상,기능검사 편차,관련 근육 압통,기능적 부하 증가,"{""CervLordosis"": ""High""}"
Thoracolumbar Junction Stiffness,흉요추 이행부 경직,Thoracolumbar Junction Stiffness,흉요추,이행부 경직,Back Line,기립근,요방형근,단축/과활성 패턴,다열근,횡격막,약화/억제 패턴,"습관 자세, 근력 불균형","피로감, 불편감",보상 전략 발생,기립근,다열근,관절 가동성,시진 이상,기능검사 편차,관련 근육 압통,기능적 부하 증가,"{""TLJ"": ""Stiff""}"
Anterior Weight Shift,전방 체중 이동,Anterior Weight Shift,전신,전방 중심 이동,SFL 과활성,대퇴직근/비복근,요추기립근,단축/과활성 패턴,둔근/햄스트링,복횡근,약화/억제 패턴,"습관 자세, 근력 불균형","피로감, 불편감",보상 전략 발생,대퇴직근/비복근,둔근/햄스트링,관절 가동성,시진 이상,기능검사 편차,관련 근육 압통,기능적 부하 증가,"{""GSB"": ""> 2 cm""}"
Posterior Weight Shift,후방 체중 이동,Posterior Weight Shift,전신,후방 중심 이동,SBL 과활성,햄스트링/둔근,다열근,단축/과활성 패턴,대퇴직근/장요근,복직근,약화/억제 패턴,"습관 자세, 근력 불균형","피로감, 불편감",보상 전략 발생,햄스트링/둔근,대퇴직근/장요근,관절 가동성,시진 이상,기능검사 편차,관련 근육 압통,기능적 부하 증가,"{""GSB"": ""< -2 cm""}"
Scapular Downward Rotation,견갑 하방회전 편향,Scapular Downward Rotation,견갑,하방회전 편향,Back Line,능형근/거근,상부승모 약화,단축/과활성 패턴,상부승모/전거근,하부승모,약화/억제 패턴,"습관 자세, 근력 불균형","피로감, 불편감",보상 전략 발생,능형근/거근,상부승모/전거근,관절 가동성,시진 이상,기능검사 편차,관련 근육 압통,기능적 부하 증가,"{""SAA"": ""< 0°""}"
Scapular Upward Rotation Insufficiency,견갑 상방회전 부족,Scapular Upward Rotation Insufficiency,견갑,상방회전 부족,AFL 억제,소흉근/능형근,상부승모 약화,단축/과활성 패턴,상부승모/전거근,하부승모,약화/억제 패턴,"습관 자세, 근력 불균형","피로감, 불편감",보상 전략 발생,소흉근/능형근,상부승모/전거근,관절 가동성,시진 이상,기능검사 편차,관련 근육 압통,기능적 부하 증가,"{""SAA"": ""> 10° with dyskinesis""}"
Humeral Anterior Glide,상완골 전방 미끄러짐,Humeral Anterior Glide,어깨,상완두 전방 활주,AFL 과활성,대흉근/소흉근,전면삼각근,단축/과활성 패턴,후하부 회전근개,하부승모,약화/억제 패턴,"습관 자세, 근력 불균형","피로감, 불편감",보상 전략 발생,대흉근/소흉근,후하부 회전근개,관절 가동성,시진 이상,기능검사 편차,관련 근육 압통,기능적 부하 증가,"{""SAA"": ""> 10° + anterior glide""}"
Glenohumeral IR Deficit,어깨 내회전 결손(GIRD),Glenohumeral IR Deficit,어깨,내회전 제한,Posterior Capsule Tight,후하부 관절낭/극하근,소원추근,단축/과활성 패턴,전거근/하부승모,흉추기립근,약화/억제 패턴,"습관 자세, 근력 불균형","피로감, 불편감",보상 전략 발생,후하부 관절낭/극하근,전거근/하부승모,관절 가동성,시진 이상,기능검사 편차,관련 근육 압통,기능적 부하 증가,"{""GH_IR"": ""< 60°""}"
Glenohumeral ER Deficit,어깨 외회전 결손,Glenohumeral ER Deficit,어깨,외회전 제한,Anterior Capsule Tight,대흉근/전면삼각근,소흉근,단축/과활성 패턴,극하근/소원추근,중부승모,약화/억제 패턴,"습관 자세, 근력 불균형","피로감, 불편감",보상 전략 발생,대흉근/전면삼각근,극하근/소원추근,관절 가동성,시진 이상,기능검사 편차,관련 근육 압통,기능적 부하 증가,"{""GH_ER"": ""< 80°""}"
Functional Asymmetry 70,기능적 비대칭 70,Functional Asymmetry 70,전신,측면 라인 불균형,Lat/Spiral 혼합,"TFL, 요방형근",비골근,단축/과활성 패턴,"중둔근, 복횡근",전경골근,약화/억제 패턴,"습관 자세, 근력 불균형","피로감, 불편감",보상 전략 발생,"TFL, 요방형근","중둔근, 복횡근",관절 가동성,시진 이상,기능검사 편차,관련 근육 압통,기능적 부하 증가,"{""Asymmetry"": ""Present""}"
Functional Asymmetry 71,기능적 비대칭 71,Functional Asymmetry 71,전신,측면 라인 불균형,Lat/Spiral 혼합,"TFL, 요방형근",비골근,단축/과활성 패턴,"중둔근, 복횡근",전경골근,약화/억제 패턴,"습관 자세, 근력 불균형","피로감, 불편감",보상 전략 발생,"TFL, 요방형근","중둔근, 복횡근",관절 가동성,시진 이상,기능검사 편차,관련 근육 압통,기능적 부하 증가,"{""Asymmetry"": ""Present""}"
Functional Asymmetry 72,기능적 비대칭 72,Functional Asymmetry 72,전신,측면 라인 불균형,Lat/Spiral 혼합,"TFL, 요방형근",비골근,단축/과활성 패턴,"중둔근, 복횡근",전경골근,약화/억제 패턴,"습관 자세, 근력 불균형","피로감, 불편감",보상 전략 발생,"TFL, 요방형근","중둔근, 복횡근",관절 가동성,시진 이상,기능검사 편차,관련 근육 압통,기능적 부하 증가,"{""Asymmetry"": ""Present""}"
Functional Asymmetry 73,기능적 비대칭 73,Functional Asymmetry 73,전신,측면 라인 불균형,Lat/Spiral 혼합,"TFL, 요방형근",비골근,단축/과활성 패턴,"중둔근, 복횡근",전경골근,약화/억제 패턴,"습관 자세, 근력 불균형","피로감, 불편감",보상 전략 발생,"TFL, 요방형근","중둔근, 복횡근",관절 가동성,시진 이상,기능검사 편차,관련 근육 압통,기능적 부하 증가,"{""Asymmetry"": ""Present""}"
Functional Asymmetry 74,기능적 비대칭 74,Functional Asymmetry 74,전신,측면 라인 불균형,Lat/Spiral 혼합,"TFL, 요방형근",비골근,단축/과활성 패턴,"중둔근, 복횡근",전경골근,약화/억제 패턴,"습관 자세, 근력 불균형","피로감, 불편감",보상 전략 발생,"TFL, 요방형근","중둔근, 복횡근",관절 가동성,시진 이상,기능검사 편차,관련 근육 압통,기능적 부하 증가,"{""Asymmetry"": ""Present""}"
Functional Asymmetry 75,기능적 비대칭 75,Functional Asymmetry 75,전신,측면 라인 불균형,Lat/Spiral 혼합,"TFL, 요방형근",비골근,단축/과활성 패턴,"중둔근, 복횡근",전경골근,약화/억제 패턴,"습관 자세, 근력 불균형","피로감, 불편감",보상 전략 발생,"TFL, 요방형근","중둔근, 복횡근",관절 가동성,시진 이상,기능검사 편차,관련 근육 압통,기능적 부하 증가,"{""Asymmetry"": ""Present""}"
Functional Asymmetry 76,기능적 비대칭 76,Functional Asymmetry 76,전신,측면 라인 불균형,Lat/Spiral 혼합,"TFL, 요방형근",비골근,단축/과활성 패턴,"중둔근, 복횡근",전경골근,약화/억제 패턴,"습관 자세, 근력 불균형","피로감, 불편감",보상 전략 발생,"TFL, 요방형근","중둔근, 복횡근",관절 가동성,시진 이상,기능검사 편차,관련 근육 압통,기능적 부하 증가,"{""Asymmetry"": ""Present""}"
Functional Asymmetry 77,기능적 비대칭 77,Functional Asymmetry 77,전신,측면 라인 불균형,Lat/Spiral 혼합,"TFL, 요방형근",비골근,단축/과활성 패턴,"중둔근, 복횡근",전경골근,약화/억제 패턴,"습관 자세, 근력 불균형","피로감, 불편감",보상 전략 발생,"TFL, 요방형근","중둔근, 복횡근",관절 가동성,시진 이상,기능검사 편차,관련 근육 압통,기능적 부하 증가,"{""Asymmetry"": ""Present""}"
Functional Asymmetry 78,기능적 비대칭 78,Functional Asymmetry 78,전신,측면 라인 불균형,Lat/Spiral 혼합,"TFL, 요방형근",비골근,단축/과활성 패턴,"중둔근, 복횡근",전경골근,약화/억제 패턴,"습관 자세, 근력 불균형","피로감, 불편감",보상 전략 발생,"TFL, 요방형근","중둔근, 복횡근",관절 가동성,시진 이상,기능검사 편차,관련 근육 압통,기능적 부하 증가,"{""Asymmetry"": ""Present""}"
Functional Asymmetry 79,기능적 비대칭 79,Functional Asymmetry 79,전신,측면 라인 불균형,Lat/Spiral 혼합,"TFL, 요방형근",비골근,단축/과활성 패턴,"중둔근, 복횡근",전경골근,약화/억제 패턴,"습관 자세, 근력 불균형","피로감, 불편감",보상 전략 발생,"TFL, 요방형근","중둔근, 복횡근",관절 가동성,시진 이상,기능검사 편차,관련 근육 압통,기능적 부하 증가,"{""Asymmetry"": ""Present""}"
Functional Asymmetry 80,기능적 비대칭 80,Functional Asymmetry 80,전신,측면 라인 불균형,Lat/Spiral 혼합,"TFL, 요방형근",비골근,단축/과활성 패턴,"중둔근, 복횡근",전경골근,약화/억제 패턴,"습관 자세, 근력 불균형","피로감, 불편감",보상 전략 발생,"TFL, 요방형근","중둔근, 복횡근",관절 가동성,시진 이상,기능검사 편차,관련 근육 압통,기능적 부하 증가,"{""Asymmetry"": ""Present""}"
Functional Asymmetry 81,기능적 비대칭 81,Functional Asymmetry 81,전신,측면 라인 불균형,Lat/Spiral 혼합,"TFL, 요방형근",비골근,단축/과활성 패턴,"중둔근, 복횡근",전경골근,약화/억제 패턴,"습관 자세, 근력 불균형","피로감, 불편감",보상 전략 발생,"TFL, 요방형근","중둔근, 복횡근",관절 가동성,시진 이상,기능검사 편차,관련 근육 압통,기능적 부하 증가,"{""Asymmetry"": ""Present""}"
Functional Asymmetry 82,기능적 비대칭 82,Functional Asymmetry 82,전신,측면 라인 불균형,Lat/Spiral 혼합,"TFL, 요방형근",비골근,단축/과활성 패턴,"중둔근, 복횡근",전경골근,약화/억제 패턴,"습관 자세, 근력 불균형","피로감, 불편감",보상 전략 발생,"TFL, 요방형근","중둔근, 복횡근",관절 가동성,시진 이상,기능검사 편차,관련 근육 압통,기능적 부하 증가,"{""Asymmetry"": ""Present""}"
Functional Asymmetry 83,기능적 비대칭 83,Functional Asymmetry 83,전신,측면 라인 불균형,Lat/Spiral 혼합,"TFL, 요방형근",비골근,단축/과활성 패턴,"중둔근, 복횡근",전경골근,약화/억제 패턴,"습관 자세, 근력 불균형","피로감, 불편감",보상 전략 발생,"TFL, 요방형근","중둔근, 복횡근",관절 가동성,시진 이상,기능검사 편차,관련 근육 압통,기능적 부하 증가,"{""Asymmetry"": ""Present""}"
Functional Asymmetry 84,기능적 비대칭 84,Functional Asymmetry 84,전신,측면 라인 불균형,Lat/Spiral 혼합,"TFL, 요방형근",비골근,단축/과활성 패턴,"중둔근, 복횡근",전경골근,약화/억제 패턴,"습관 자세, 근력 불균형","피로감, 불편감",보상 전략 발생,"TFL, 요방형근","중둔근, 복횡근",관절 가동성,시진 이상,기능검사 편차,관련 근육 압통,기능적 부하 증가,"{""Asymmetry"": ""Present""}"
Functional Asymmetry 85,기능적 비대칭 85,Functional Asymmetry 85,전신,측면 라인 불균형,Lat/Spiral 혼합,"TFL, 요방형근",비골근,단축/과활성 패턴,"중둔근, 복횡근",전경골근,약화/억제 패턴,"습관 자세, 근력 불균형","피로감, 불편감",보상 전략 발생,"TFL, 요방형근","중둔근, 복횡근",관절 가동성,시진 이상,기능검사 편차,관련 근육 압통,기능적 부하 증가,"{""Asymmetry"": ""Present""}"
Functional Asymmetry 86,기능적 비대칭 86,Functional Asymmetry 86,전신,측면 라인 불균형,Lat/Spiral 혼합,"TFL, 요방형근",비골근,단축/과활성 패턴,"중둔근, 복횡근",전경골근,약화/억제 패턴,"습관 자세, 근력 불균형","피로감, 불편감",보상 전략 발생,"TFL, 요방형근","중둔근, 복횡근",관절 가동성,시진 이상,기능검사 편차,관련 근육 압통,기능적 부하 증가,"{""Asymmetry"": ""Present""}"
Functional Asymmetry 87,기능적 비대칭 87,Functional Asymmetry 87,전신,측면 라인 불균형,Lat/Spiral 혼합,"TFL, 요방형근",비골근,단축/과활성 패턴,"중둔근, 복횡근",전경골근,약화/억제 패턴,"습관 자세, 근력 불균형","피로감, 불편감",보상 전략 발생,"TFL, 요방형근","중둔근, 복횡근",관절 가동성,시진 이상,기능검사 편차,관련 근육 압통,기능적 부하 증가,"{""Asymmetry"": ""Present""}"
Functional Asymmetry 88,기능적 비대칭 88,Functional Asymmetry 88,전신,측면 라인 불균형,Lat/Spiral 혼합,"TFL, 요방형근",비골근,단축/과활성 패턴,"중둔근, 복횡근",전경골근,약화/억제 패턴,"습관 자세, 근력 불균형","피로감, 불편감",보상 전략 발생,"TFL, 요방형근","중둔근, 복횡근",관절 가동성,시진 이상,기능검사 편차,관련 근육 압통,기능적 부하 증가,"{""Asymmetry"": ""Present""}"
Functional Asymmetry 89,기능적 비대칭 89,Functional Asymmetry 89,전신,측면 라인 불균형,Lat/Spiral 혼합,"TFL, 요방형근",비골근,단축/과활성 패턴,"중둔근, 복횡근",전경골근,약화/억제 패턴,"습관 자세, 근력 불균형","피로감, 불편감",보상 전략 발생,"TFL, 요방형근","중둔근, 복횡근",관절 가동성,시진 이상,기능검사 편차,관련 근육 압통,기능적 부하 증가,"{""Asymmetry"": ""Present""}"
Functional Asymmetry 90,기능적 비대칭 90,Functional Asymmetry 90,전신,측면 라인 불균형,Lat/Spiral 혼합,"TFL, 요방형근",비골근,단축/과활성 패턴,"중둔근, 복횡근",전경골근,약화/억제 패턴,"습관 자세, 근력 불균형","피로감, 불편감",보상 전략 발생,"TFL, 요방형근","중둔근, 복횡근",관절 가동성,시진 이상,기능검사 편차,관련 근육 압통,기능적 부하 증가,"{""Asymmetry"": ""Present""}"
Functional Asymmetry 91,기능적 비대칭 91,Functional Asymmetry 91,전신,측면 라인 불균형,Lat/Spiral 혼합,"TFL, 요방형근",비골근,단축/과활성 패턴,"중둔근, 복횡근",전경골근,약화/억제 패턴,"습관 자세, 근력 불균형","피로감, 불편감",보상 전략 발생,"TFL, 요방형근","중둔근, 복횡근",관절 가동성,시진 이상,기능검사 편차,관련 근육 압통,기능적 부하 증가,"{""Asymmetry"": ""Present""}"
Functional Asymmetry 92,기능적 비대칭 92,Functional Asymmetry 92,전신,측면 라인 불균형,Lat/Spiral 혼합,"TFL, 요방형근",비골근,단축/과활성 패턴,"중둔근, 복횡근",전경골근,약화/억제 패턴,"습관 자세, 근력 불균형","피로감, 불편감",보상 전략 발생,"TFL, 요방형근","중둔근, 복횡근",관절 가동성,시진 이상,기능검사 편차,관련 근육 압통,기능적 부하 증가,"{""Asymmetry"": ""Present""}"
Functional Asymmetry 93,기능적 비대칭 93,Functional Asymmetry 93,전신,측면 라인 불균형,Lat/Spiral 혼합,"TFL, 요방형근",비골근,단축/과활성 패턴,"중둔근, 복횡근",전경골근,약화/억제 패턴,"습관 자세, 근력 불균형","피로감, 불편감",보상 전략 발생,"TFL, 요방형근","중둔근, 복횡근",관절 가동성,시진 이상,기능검사 편차,관련 근육 압통,기능적 부하 증가,"{""Asymmetry"": ""Present""}"
Functional Asymmetry 94,기능적 비대칭 94,Functional Asymmetry 94,전신,측면 라인 불균형,Lat/Spiral 혼합,"TFL, 요방형근",비골근,단축/과활성 패턴,"중둔근, 복횡근",전경골근,약화/억제 패턴,"습관 자세, 근력 불균형","피로감, 불편감",보상 전략 발생,"TFL, 요방형근","중둔근, 복횡근",관절 가동성,시진 이상,기능검사 편차,관련 근육 압통,기능적 부하 증가,"{""Asymmetry"": ""Present""}"
Functional Asymmetry 95,기능적 비대칭 95,Functional Asymmetry 95,전신,측면 라인 불균형,Lat/Spiral 혼합,"TFL, 요방형근",비골근,단축/과활성 패턴,"중둔근, 복횡근",전경골근,약화/억제 패턴,"습관 자세, 근력 불균형","피로감, 불편감",보상 전략 발생,"TFL, 요방형근","중둔근, 복횡근",관절 가동성,시진 이상,기능검사 편차,관련 근육 압통,기능적 부하 증가,"{""Asymmetry"": ""Present""}"
Functional Asymmetry 96,기능적 비대칭 96,Functional Asymmetry 96,전신,측면 라인 불균형,Lat/Spiral 혼합,"TFL, 요방형근",비골근,단축/과활성 패턴,"중둔근, 복횡근",전경골근,약화/억제 패턴,"습관 자세, 근력 불균형","피로감, 불편감",보상 전략 발생,"TFL, 요방형근","중둔근, 복횡근",관절 가동성,시진 이상,기능검사 편차,관련 근육 압통,기능적 부하 증가,"{""Asymmetry"": ""Present""}"
Functional Asymmetry 97,기능적 비대칭 97,Functional Asymmetry 97,전신,측면 라인 불균형,Lat/Spiral 혼합,"TFL, 요방형근",비골근,단축/과활성 패턴,"중둔근, 복횡근",전경골근,약화/억제 패턴,"습관 자세, 근력 불균형","피로감, 불편감",보상 전략 발생,"TFL, 요방형근","중둔근, 복횡근",관절 가동성,시진 이상,기능검사 편차,관련 근육 압통,기능적 부하 증가,"{""Asymmetry"": ""Present""}"
Functional Asymmetry 98,기능적 비대칭 98,Functional Asymmetry 98,전신,측면 라인 불균형,Lat/Spiral 혼합,"TFL, 요방형근",비골근,단축/과활성 패턴,"중둔근, 복횡근",전경골근,약화/억제 패턴,"습관 자세, 근력 불균형","피로감, 불편감",보상 전략 발생,"TFL, 요방형근","중둔근, 복횡근",관절 가동성,시진 이상,기능검사 편차,관련 근육 압통,기능적 부하 증가,"{""Asymmetry"": ""Present""}"
Functional Asymmetry 99,기능적 비대칭 99,Functional Asymmetry 99,전신,측면 라인 불균형,Lat/Spiral 혼합,"TFL, 요방형근",비골근,단축/과활성 패턴,"중둔근, 복횡근",전경골근,약화/억제 패턴,"습관 자세, 근력 불균형","피로감, 불편감",보상 전략 발생,"TFL, 요방형근","중둔근, 복횡근",관절 가동성,시진 이상,기능검사 편차,관련 근육 압통,기능적 부하 증가,"{""Asymmetry"": ""Present""}"
Functional Asymmetry 100,기능적 비대칭 100,Functional Asymmetry 100,전신,측면 라인 불균형,Lat/Spiral 혼합,"TFL, 요방형근",비골근,단축/과활성 패턴,"중둔근, 복횡근",전경골근,약화/억제 패턴,"습관 자세, 근력 불균형","피로감, 불편감",보상 전략 발생,"TFL, 요방형근","중둔근, 복횡근",관절 가동성,시진 이상,기능검사 편차,관련 근육 압통,기능적 부하 증가,"{""Asymmetry"": ""Present""}"
